site,treatment,mu,lower,upper,Sit.Sig,Tre.Sig
Semi-Arid,Exclosure,2.7758333333333334,2.3012580565654113,3.2644819535405363,∗∗,∗
Transition,Exclosure,0.39666666666666667,0.16634611677121083,0.64040475596892,∗∗,NA
Sub-Humid,Exclosure,0.020833333333333332,0.012964612343364717,0.02856851107391367,∗∗,∗
Semi-Arid,Open,1.2325,0.7031840003878652,1.7425674971859029,∗∗,∗
Transition,Open,0.21416666666666667,0.1025027920513143,0.3242860396372629,∗,NA
Sub-Humid,Open,0.10166666666666667,0.0701570051079452,0.13290029815255397,∗,∗
