T-test,F-stat,df,p-value
Site       ,8.064917397122016,2,3.6486527370207996e-4
Month      ,0.20949671639982417,2,0.811075804865068
