site_code,tile_chl,rain,canopy,nitrate,phosphate,flow_base,flow_sd,flow_max,HFPP3
Semi-Arid,2.004166666666667,56.67231884,75.16891894999999,11.489374999999999,2.255625,35.3960625,11.11470120237893,0.5279999999999998,4.0650406504065035
Transition,0.30541666666666667,68.5326087,80.74324324999999,3.5683124999999998,1.8118750000000001,58.6158795,1426.176690786866,116.8743961352657,17.073170731707318
Sub-Humid,0.061250000000000006,84.25101449,80.405405425,0.22125,0.2975,6.654459749999999,131.90306965133183,82.40425531914894,21.951219512195124
