Site,Treatment,Algae,Algae_mean,Algae_sd,Algae_se,HighPoint,LowPoint
Semi-Arid,Open,total_algae,1.2325,0.960105344598848,0.27715853957727166,1.5096585395772717,0.9553414604227283
Semi-Arid,Exclosure,total_algae,2.7758333333333334,0.907949321106068,0.26210239247556316,3.0379357258088966,2.51373094085777
Transition,Open,total_algae,0.21416666666666667,0.2015150945545602,0.05817239704342412,0.2723390637100908,0.15599426962324256
Transition,Exclosure,total_algae,0.39666666666666667,0.44083254568297625,0.12725739445880718,0.52392406112547385,0.2694092722078595
Sub-Humid,Open,total_algae,0.10166666666666667,0.05718126414916838,0.016506809124562732,0.1181734757912294,0.08515985754210394
Sub-Humid,Exclosure,total_algae,0.020833333333333332,0.014433756729740645,0.0041666666666666675,0.025,0.016666666666666663
