vector,axis1,axis2,r,p
Flow,-0.9995926152132433,-0.028541261554965364,0.08520232946537103,0.835
Conductivity,-0.3542801091712818,-0.935139350174927,0.2870034359870393,0.355
Max Depth,0.8868381154096923,0.46208024958505356,0.04003512414223701,0.914
Nitrate,-0.9554624535732448,-0.2951126900216174,0.91324528338715,0.002
Algae,0.8264287480230376,-0.5630413168152715,0.48560902644074466,0.11
Canopy,0.8725768525897816,-0.48847685341734526,0.1713964492804002,0.578
