vector,axis1,axis2,r,p
Nitrate,-0.9554624535732448,-0.2951126900216174,0.91324528338715,0.002
