vector,axis1,axis2,r,p
Nitrate,-0.9554624535732448,-0.2951126900216174,0.91324528338715,0.002
Algae,0.8264287480230376,-0.5630413168152715,0.48560902644074466,0.11
