Comparison,diff,lwr,upr,p adj,Guild
Transition-Semi-Arid,-0.5725041721808285,-1.6967856507924752,0.5517773064308181,0.33035730359904847,Fish
Sub-Humid-Semi-Arid,-0.9267564747488515,-2.051037953360498,0.19752500386279515,0.09835094488164886,Fish
Sub-Humid-Transition,-0.3542523025680229,-1.4785337811796695,0.7700291760436238,0.622146609011252,Fish
