Comparison,diff,lwr,upr,p adj,Guild
Transition-Semi-Arid,9.018188340491463,3.648411531892492,14.387965149090434,0.005064948980857187,Invertebrate
Sub-Humid-Semi-Arid,-1.4322327135647646,-6.802009522163735,3.937544095034206,0.7063228923033606,Invertebrate
Sub-Humid-Transition,-10.450421054056228,-15.8201978626552,-5.080644245457258,0.002395844076363063,Invertebrate
