Comparison,diff,lwr,upr,p adj,Guild
Transition-Semi-Arid,1.7264417158963958,-1.584897575217985,5.037781007010777,0.3160514524680573,Fish
Sub-Humid-Semi-Arid,3.020416909337505,-0.290922381776876,6.331756200451886,0.0699287696521963,Fish
Sub-Humid-Transition,1.293975193441109,-2.017364097673272,4.60531448455549,0.4959204146863161,Fish
