Comparison,diff,lwr,upr,p adj,Guild
Transition-Semi-Arid,320.60931899641616,-1481.9346696769526,2123.153307669785,0.8523627336980856,Invertebrate
Sub-Humid-Semi-Arid,1008.7813620071689,-793.7626266661999,2811.3253506805377,0.2743013169702836,Invertebrate
Sub-Humid-Transition,688.1720430107528,-1114.371945662616,2490.716031684122,0.5102683618534001,Invertebrate
